from,to,time
event0,event0,0
event1,event0,18
event2,event0,50
event3,event0,4
event4,event0,32
event5,event0,25
event6,event0,25
event7,event0,39
event8,event0,42
event9,event0,44
event10,event0,47
event11,event0,34
event12,event0,46
event13,event0,38
event14,event0,52
event15,event0,39
event16,event0,43
event17,event0,58
event18,event0,56
event19,event0,56
event20,event0,58
event21,event0,63
event22,event0,53
event23,event0,42
event24,event0,43
event25,event0,41
event26,event0,46
event27,event0,48
event28,event0,35
event29,event0,48
event30,event0,50
event31,event0,46
event32,event0,63
event33,event0,58
event34,event0,54
event35,event0,55
event36,event0,60
event37,event0,37
event38,event0,29
event39,event0,36
event40,event0,31
event41,event0,31
event42,event0,16
event43,event0,12
event44,event0,32
event45,event0,20
event46,event0,7
event47,event0,4
event48,event0,14
event49,event0,9
event0,event1,18
event1,event1,0
event2,event1,34
event3,event1,16
event4,event1,14
event5,event1,7
event6,event1,8
event7,event1,26
event8,event1,28
event9,event1,29
event10,event1,30
event11,event1,19
event12,event1,28
event13,event1,22
event14,event1,34
event15,event1,23
event16,event1,26
event17,event1,43
event18,event1,40
event19,event1,39
event20,event1,42
event21,event1,46
event22,event1,47
event23,event1,33
event24,event1,34
event25,event1,31
event26,event1,37
event27,event1,40
event28,event1,25
event29,event1,36
event30,event1,38
event31,event1,34
event32,event1,60
event33,event1,55
event34,event1,50
event35,event1,50
event36,event1,55
event37,event1,35
event38,event1,25
event39,event1,36
event40,event1,31
event41,event1,43
event42,event1,31
event43,event1,28
event44,event1,47
event45,event1,29
event46,event1,23
event47,event1,14
event48,event1,25
event49,event1,18
event0,event2,50
event1,event2,34
event2,event2,0
event3,event2,50
event4,event2,30
event5,event2,30
event6,event2,33
event7,event2,43
event8,event2,43
event9,event2,43
event10,event2,38
event11,event2,16
event12,event2,24
event13,event2,12
event14,event2,21
event15,event2,12
event16,event2,8
event17,event2,9
event18,event2,6
event19,event2,8
event20,event2,11
event21,event2,16
event22,event2,31
event23,event2,21
event24,event2,19
event25,event2,18
event26,event2,18
event27,event2,24
event28,event2,20
event29,event2,14
event30,event2,15
event31,event2,11
event32,event2,46
event33,event2,41
event34,event2,37
event35,event2,34
event36,event2,38
event37,event2,34
event38,event2,31
event39,event2,38
event40,event2,37
event41,event2,62
event42,event2,57
event43,event2,56
event44,event2,70
event45,event2,48
event46,event2,52
event47,event2,45
event48,event2,59
event49,event2,53
event0,event3,4
event1,event3,16
event2,event3,50
event3,event3,0
event4,event3,30
event5,event3,23
event6,event3,23
event7,event3,36
event8,event3,39
event9,event3,40
event10,event3,44
event11,event3,34
event12,event3,44
event13,event3,38
event14,event3,50
event15,event3,39
event16,event3,42
event17,event3,59
event18,event3,56
event19,event3,55
event20,event3,58
event21,event3,63
event22,event3,56
event23,event3,44
event24,event3,45
event25,event3,43
event26,event3,48
event27,event3,51
event28,event3,37
event29,event3,49
event30,event3,51
event31,event3,48
event32,event3,66
event33,event3,62
event34,event3,57
event35,event3,58
event36,event3,63
event37,event3,41
event38,event3,31
event39,event3,40
event40,event3,35
event41,event3,36
event42,event3,20
event43,event3,16
event44,event3,36
event45,event3,24
event46,event3,12
event47,event3,6
event48,event3,10
event49,event3,5
event0,event4,32
event1,event4,14
event2,event4,30
event3,event4,30
event4,event4,0
event5,event4,8
event6,event4,7
event7,event4,15
event8,event4,16
event9,event4,17
event10,event4,16
event11,event4,20
event12,event4,14
event13,event4,20
event14,event4,21
event15,event4,18
event16,event4,21
event17,event4,39
event18,event4,34
event19,event4,32
event20,event4,33
event21,event4,37
event22,event4,52
event23,event4,38
event24,event4,38
event25,event4,35
event26,event4,40
event27,event4,45
event28,event4,31
event29,event4,38
event30,event4,40
event31,event4,35
event32,event4,66
event33,event4,61
event34,event4,56
event35,event4,55
event36,event4,60
event37,event4,44
event38,event4,35
event39,event4,47
event40,event4,43
event41,event4,58
event42,event4,46
event43,event4,43
event44,event4,62
event45,event4,43
event46,event4,38
event47,event4,28
event48,event4,35
event49,event4,30
event0,event5,25
event1,event5,7
event2,event5,30
event3,event5,23
event4,event5,8
event5,event5,0
event6,event5,3
event7,event5,21
event8,event5,23
event9,event5,24
event10,event5,24
event11,event5,16
event12,event5,21
event13,event5,18
event14,event5,27
event15,event5,18
event16,event5,21
event17,event5,39
event18,event5,36
event19,event5,34
event20,event5,36
event21,event5,40
event22,event5,48
event23,event5,34
event24,event5,34
event25,event5,31
event26,event5,36
event27,event5,41
event28,event5,26
event29,event5,35
event30,event5,37
event31,event5,32
event32,event5,61
event33,event5,56
event34,event5,51
event35,event5,51
event36,event5,56
event37,event5,38
event38,event5,28
event39,event5,40
event40,event5,35
event41,event5,50
event42,event5,38
event43,event5,35
event44,event5,54
event45,event5,35
event46,event5,30
event47,event5,21
event48,event5,30
event49,event5,24
event0,event6,25
event1,event6,8
event2,event6,33
event3,event6,23
event4,event6,7
event5,event6,3
event6,event6,0
event7,event6,18
event8,event6,20
event9,event6,21
event10,event6,22
event11,event6,19
event12,event6,21
event13,event6,21
event14,event6,27
event15,event6,20
event16,event6,24
event17,event6,42
event18,event6,38
event19,event6,36
event20,event6,38
event21,event6,42
event22,event6,51
event23,event6,37
event24,event6,37
event25,event6,34
event26,event6,39
event27,event6,44
event28,event6,29
event29,event6,38
event30,event6,40
event31,event6,35
event32,event6,64
event33,event6,59
event34,event6,54
event35,event6,54
event36,event6,59
event37,event6,41
event38,event6,31
event39,event6,42
event40,event6,38
event41,event6,51
event42,event6,39
event43,event6,36
event44,event6,55
event45,event6,37
event46,event6,31
event47,event6,21
event48,event6,29
event49,event6,23
event0,event7,39
event1,event7,26
event2,event7,43
event3,event7,36
event4,event7,15
event5,event7,21
event6,event7,18
event7,event7,0
event8,event7,3
event9,event7,5
event10,event7,11
event11,event7,35
event12,event7,21
event13,event7,35
event14,event7,28
event15,event7,33
event16,event7,35
event17,event7,52
event18,event7,47
event19,event7,43
event20,event7,44
event21,event7,47
event22,event7,67
event23,event7,53
event24,event7,53
event25,event7,50
event26,event7,55
event27,event7,60
event28,event7,46
event29,event7,53
event30,event7,55
event31,event7,50
event32,event7,82
event33,event7,76
event34,event7,72
event35,event7,71
event36,event7,76
event37,event7,59
event38,event7,50
event39,event7,61
event40,event7,57
event41,event7,69
event42,event7,55
event43,event7,52
event44,event7,72
event45,event7,55
event46,event7,47
event47,event7,37
event48,event7,37
event49,event7,34
event0,event8,42
event1,event8,28
event2,event8,43
event3,event8,39
event4,event8,16
event5,event8,23
event6,event8,20
event7,event8,3
event8,event8,0
event9,event8,2
event10,event8,8
event11,event8,35
event12,event8,20
event13,event8,35
event14,event8,26
event15,event8,33
event16,event8,35
event17,event8,51
event18,event8,46
event19,event8,42
event20,event8,43
event21,event8,45
event22,event8,68
event23,event8,54
event24,event8,54
event25,event8,51
event26,event8,55
event27,event8,61
event28,event8,47
event29,event8,53
event30,event8,55
event31,event8,50
event32,event8,82
event33,event8,77
event34,event8,72
event35,event8,71
event36,event8,76
event37,event8,60
event38,event8,51
event39,event8,63
event40,event8,58
event41,event8,71
event42,event8,58
event43,event8,55
event44,event8,74
event45,event8,57
event46,event8,49
event47,event8,39
event48,event8,40
event49,event8,37
event0,event9,44
event1,event9,29
event2,event9,43
event3,event9,40
event4,event9,17
event5,event9,24
event6,event9,21
event7,event9,5
event8,event9,2
event9,event9,0
event10,event9,7
event11,event9,36
event12,event9,19
event13,event9,35
event14,event9,25
event15,event9,33
event16,event9,35
event17,event9,50
event18,event9,46
event19,event9,41
event20,event9,42
event21,event9,44
event22,event9,68
event23,event9,55
event24,event9,54
event25,event9,51
event26,event9,55
event27,event9,61
event28,event9,47
event29,event9,53
event30,event9,55
event31,event9,50
event32,event9,83
event33,event9,78
event34,event9,73
event35,event9,72
event36,event9,77
event37,event9,61
event38,event9,52
event39,event9,64
event40,event9,59
event41,event9,73
event42,event9,60
event43,event9,56
event44,event9,76
event45,event9,58
event46,event9,51
event47,event9,41
event48,event9,42
event49,event9,39
event0,event10,47
event1,event10,30
event2,event10,38
event3,event10,44
event4,event10,16
event5,event10,24
event6,event10,22
event7,event10,11
event8,event10,8
event9,event10,7
event10,event10,0
event11,event10,33
event12,event10,14
event13,event10,31
event14,event10,19
event15,event10,29
event16,event10,30
event17,event10,45
event18,event10,40
event19,event10,35
event20,event10,36
event21,event10,38
event22,event10,65
event23,event10,52
event24,event10,51
event25,event10,48
event26,event10,52
event27,event10,58
event28,event10,45
event29,event10,49
event30,event10,50
event31,event10,46
event32,event10,80
event33,event10,75
event34,event10,70
event35,event10,68
event36,event10,73
event37,event10,59
event38,event10,51
event39,event10,62
event40,event10,58
event41,event10,74
event42,event10,62
event43,event10,59
event44,event10,78
event45,event10,59
event46,event10,53
event47,event10,44
event48,event10,47
event49,event10,43
event0,event11,34
event1,event11,19
event2,event11,16
event3,event11,34
event4,event11,20
event5,event11,16
event6,event11,19
event7,event11,35
event8,event11,35
event9,event11,36
event10,event11,33
event11,event11,0
event12,event11,22
event13,event11,5
event14,event11,25
event15,event11,7
event16,event11,10
event17,event11,25
event18,event11,22
event19,event11,22
event20,event11,25
event21,event11,30
event22,event11,32
event23,event11,18
event24,event11,18
event25,event11,15
event26,event11,20
event27,event11,25
event28,event11,11
event29,event11,18
event30,event11,20
event31,event11,15
event32,event11,47
event33,event11,41
event34,event11,37
event35,event11,35
event36,event11,40
event37,event11,26
event38,event11,19
event39,event11,30
event40,event11,27
event41,event11,49
event42,event11,42
event43,event11,40
event44,event11,56
event45,event11,34
event46,event11,36
event47,event11,29
event48,event11,43
event49,event11,37
event0,event12,46
event1,event12,28
event2,event12,24
event3,event12,44
event4,event12,14
event5,event12,21
event6,event12,21
event7,event12,21
event8,event12,20
event9,event12,19
event10,event12,14
event11,event12,22
event12,event12,0
event13,event12,19
event14,event12,7
event15,event12,16
event16,event12,17
event17,event12,31
event18,event12,26
event19,event12,21
event20,event12,22
event21,event12,25
event22,event12,52
event23,event12,39
event24,event12,38
event25,event12,36
event26,event12,39
event27,event12,45
event28,event12,34
event29,event12,36
event30,event12,37
event31,event12,32
event32,event12,67
event33,event12,62
event34,event12,58
event35,event12,56
event36,event12,60
event37,event12,49
event38,event12,42
event39,event12,53
event40,event12,49
event41,event12,69
event42,event12,59
event43,event12,56
event44,event12,74
event45,event12,53
event46,event12,51
event47,event12,42
event48,event12,50
event49,event12,44
event0,event13,38
event1,event13,22
event2,event13,12
event3,event13,38
event4,event13,20
event5,event13,18
event6,event13,21
event7,event13,35
event8,event13,35
event9,event13,35
event10,event13,31
event11,event13,5
event12,event13,19
event13,event13,0
event14,event13,20
event15,event13,2
event16,event13,5
event17,event13,21
event18,event13,18
event19,event13,17
event20,event13,20
event21,event13,25
event22,event13,33
event23,event13,20
event24,event13,19
event25,event13,17
event26,event13,20
event27,event13,26
event28,event13,14
event29,event13,18
event30,event13,20
event31,event13,15
event32,event13,48
event33,event13,43
event34,event13,38
event35,event13,37
event36,event13,42
event37,event13,30
event38,event13,24
event39,event13,34
event40,event13,31
event41,event13,53
event42,event13,47
event43,event13,45
event44,event13,61
event45,event13,39
event46,event13,41
event47,event13,34
event48,event13,47
event49,event13,41
event0,event14,52
event1,event14,34
event2,event14,21
event3,event14,50
event4,event14,21
event5,event14,27
event6,event14,27
event7,event14,28
event8,event14,26
event9,event14,25
event10,event14,19
event11,event14,25
event12,event14,7
event13,event14,20
event14,event14,0
event15,event14,18
event16,event14,16
event17,event14,27
event18,event14,22
event19,event14,17
event20,event14,17
event21,event14,18
event22,event14,52
event23,event14,40
event24,event14,39
event25,event14,36
event26,event14,38
event27,event14,45
event28,event14,35
event29,event14,34
event30,event14,36
event31,event14,31
event32,event14,67
event33,event14,62
event34,event14,58
event35,event14,55
event36,event14,60
event37,event14,51
event38,event14,44
event39,event14,55
event40,event14,52
event41,event14,73
event42,event14,64
event43,event14,62
event44,event14,79
event45,event14,58
event46,event14,57
event47,event14,48
event48,event14,56
event49,event14,51
event0,event15,39
event1,event15,23
event2,event15,12
event3,event15,39
event4,event15,18
event5,event15,18
event6,event15,20
event7,event15,33
event8,event15,33
event9,event15,33
event10,event15,29
event11,event15,7
event12,event15,16
event13,event15,2
event14,event15,18
event15,event15,0
event16,event15,3
event17,event15,21
event18,event15,17
event19,event15,16
event20,event15,19
event21,event15,24
event22,event15,36
event23,event15,23
event24,event15,22
event25,event15,19
event26,event15,23
event27,event15,29
event28,event15,17
event29,event15,20
event30,event15,22
event31,event15,17
event32,event15,51
event33,event15,46
event34,event15,41
event35,event15,39
event36,event15,44
event37,event15,33
event38,event15,26
event39,event15,37
event40,event15,34
event41,event15,56
event42,event15,49
event43,event15,47
event44,event15,63
event45,event15,41
event46,event15,42
event47,event15,35
event48,event15,48
event49,event15,41
event0,event16,43
event1,event16,26
event2,event16,8
event3,event16,42
event4,event16,21
event5,event16,21
event6,event16,24
event7,event16,35
event8,event16,35
event9,event16,35
event10,event16,30
event11,event16,10
event12,event16,17
event13,event16,5
event14,event16,16
event15,event16,3
event16,event16,0
event17,event16,18
event18,event16,14
event19,event16,13
event20,event16,15
event21,event16,20
event22,event16,35
event23,event16,23
event24,event16,22
event25,event16,19
event26,event16,22
event27,event16,28
event28,event16,18
event29,event16,18
event30,event16,20
event31,event16,15
event32,event16,51
event33,event16,45
event34,event16,41
event35,event16,39
event36,event16,43
event37,event16,34
event38,event16,28
event39,event16,38
event40,event16,36
event41,event16,58
event42,event16,52
event43,event16,50
event44,event16,66
event45,event16,44
event46,event16,46
event47,event16,38
event48,event16,51
event49,event16,45
event0,event17,58
event1,event17,43
event2,event17,9
event3,event17,59
event4,event17,39
event5,event17,39
event6,event17,42
event7,event17,52
event8,event17,51
event9,event17,50
event10,event17,45
event11,event17,25
event12,event17,31
event13,event17,21
event14,event17,27
event15,event17,21
event16,event17,18
event17,event17,0
event18,event17,5
event19,event17,10
event20,event17,11
event21,event17,14
event22,event17,31
event23,event17,25
event24,event17,23
event25,event17,23
event26,event17,20
event27,event17,26
event28,event17,26
event29,event17,16
event30,event17,15
event31,event17,15
event32,event17,45
event33,event17,40
event34,event17,37
event35,event17,34
event36,event17,37
event37,event17,38
event38,event17,37
event39,event17,43
event40,event17,43
event41,event17,68
event42,event17,65
event43,event17,64
event44,event17,76
event45,event17,55
event46,event17,60
event47,event17,54
event48,event17,68
event49,event17,62
event0,event18,56
event1,event18,40
event2,event18,6
event3,event18,56
event4,event18,34
event5,event18,36
event6,event18,38
event7,event18,47
event8,event18,46
event9,event18,46
event10,event18,40
event11,event18,22
event12,event18,26
event13,event18,18
event14,event18,22
event15,event18,17
event16,event18,14
event17,event18,5
event18,event18,0
event19,event18,5
event20,event18,7
event21,event18,11
event22,event18,34
event23,event18,26
event24,event18,24
event25,event18,23
event26,event18,22
event27,event18,28
event28,event18,26
event29,event18,17
event30,event18,18
event31,event18,15
event32,event18,48
event33,event18,43
event34,event18,40
event35,event18,37
event36,event18,41
event37,event18,39
event38,event18,37
event39,event18,44
event40,event18,43
event41,event18,68
event42,event18,63
event43,event18,62
event44,event18,76
event45,event18,54
event46,event18,58
event47,event18,51
event48,event18,65
event49,event18,59
event0,event19,56
event1,event19,39
event2,event19,8
event3,event19,55
event4,event19,32
event5,event19,34
event6,event19,36
event7,event19,43
event8,event19,42
event9,event19,41
event10,event19,35
event11,event19,22
event12,event19,21
event13,event19,17
event14,event19,17
event15,event19,16
event16,event19,13
event17,event19,10
event18,event19,5
event19,event19,0
event20,event19,3
event21,event19,8
event22,event19,38
event23,event19,29
event24,event19,28
event25,event19,26
event26,event19,26
event27,event19,32
event28,event19,28
event29,event19,22
event30,event19,22
event31,event19,19
event32,event19,53
event33,event19,48
event34,event19,45
event35,event19,42
event36,event19,46
event37,event19,42
event38,event19,39
event39,event19,47
event40,event19,46
event41,event19,70
event42,event19,64
event43,event19,63
event44,event19,78
event45,event19,56
event46,event19,58
event47,event19,51
event48,event19,64
event49,event19,58
event0,event20,58
event1,event20,42
event2,event20,11
event3,event20,58
event4,event20,33
event5,event20,36
event6,event20,38
event7,event20,44
event8,event20,43
event9,event20,42
event10,event20,36
event11,event20,25
event12,event20,22
event13,event20,20
event14,event20,17
event15,event20,19
event16,event20,15
event17,event20,11
event18,event20,7
event19,event20,3
event20,event20,0
event21,event20,5
event22,event20,41
event23,event20,32
event24,event20,30
event25,event20,29
event26,event20,29
event27,event20,35
event28,event20,31
event29,event20,24
event30,event20,25
event31,event20,22
event32,event20,55
event33,event20,50
event34,event20,47
event35,event20,44
event36,event20,48
event37,event20,45
event38,event20,42
event39,event20,50
event40,event20,49
event41,event20,73
event42,event20,67
event43,event20,66
event44,event20,81
event45,event20,59
event46,event20,61
event47,event20,54
event48,event20,66
event49,event20,60
event0,event21,63
event1,event21,46
event2,event21,16
event3,event21,63
event4,event21,37
event5,event21,40
event6,event21,42
event7,event21,47
event8,event21,45
event9,event21,44
event10,event21,38
event11,event21,30
event12,event21,25
event13,event21,25
event14,event21,18
event15,event21,24
event16,event21,20
event17,event21,14
event18,event21,11
event19,event21,8
event20,event21,5
event21,event21,0
event22,event21,45
event23,event21,37
event24,event21,35
event25,event21,34
event26,event21,33
event27,event21,39
event28,event21,36
event29,event21,29
event30,event21,29
event31,event21,26
event32,event21,59
event33,event21,54
event34,event21,51
event35,event21,48
event36,event21,51
event37,event21,50
event38,event21,47
event39,event21,55
event40,event21,53
event41,event21,78
event42,event21,72
event43,event21,71
event44,event21,86
event45,event21,64
event46,event21,66
event47,event21,59
event48,event21,71
event49,event21,65
event0,event22,53
event1,event22,47
event2,event22,31
event3,event22,56
event4,event22,52
event5,event22,48
event6,event22,51
event7,event22,67
event8,event22,68
event9,event22,68
event10,event22,65
event11,event22,32
event12,event22,52
event13,event22,33
event14,event22,52
event15,event22,36
event16,event22,35
event17,event22,31
event18,event22,34
event19,event22,38
event20,event22,41
event21,event22,45
event22,event22,0
event23,event22,14
event24,event22,14
event25,event22,17
event26,event22,13
event27,event22,7
event28,event22,22
event29,event22,17
event30,event22,16
event31,event22,20
event32,event22,15
event33,event22,10
event34,event22,6
event35,event22,3
event36,event22,8
event37,event22,16
event38,event22,24
event39,event22,20
event40,event22,24
event41,event22,47
event42,event22,51
event43,event22,52
event44,event22,57
event45,event22,39
event46,event22,51
event47,event22,50
event48,event22,67
event49,event22,61
event0,event23,42
event1,event23,33
event2,event23,21
event3,event23,44
event4,event23,38
event5,event23,34
event6,event23,37
event7,event23,53
event8,event23,54
event9,event23,55
event10,event23,52
event11,event23,18
event12,event23,39
event13,event23,20
event14,event23,40
event15,event23,23
event16,event23,23
event17,event23,25
event18,event23,26
event19,event23,29
event20,event23,32
event21,event23,37
event22,event23,14
event23,event23,0
event24,event23,2
event25,event23,3
event26,event23,5
event27,event23,7
event28,event23,8
event29,event23,9
event30,event23,10
event31,event23,10
event32,event23,28
event33,event23,23
event34,event23,18
event35,event23,17
event36,event23,22
event37,event23,13
event38,event23,14
event39,event23,18
event40,event23,18
event41,event23,43
event42,event23,43
event43,event23,43
event44,event23,52
event45,event23,32
event46,event23,41
event47,event23,38
event48,event23,55
event49,event23,48
event0,event24,43
event1,event24,34
event2,event24,19
event3,event24,45
event4,event24,38
event5,event24,34
event6,event24,37
event7,event24,53
event8,event24,54
event9,event24,54
event10,event24,51
event11,event24,18
event12,event24,38
event13,event24,19
event14,event24,39
event15,event24,22
event16,event24,22
event17,event24,23
event18,event24,24
event19,event24,28
event20,event24,30
event21,event24,35
event22,event24,14
event23,event24,2
event24,event24,0
event25,event24,3
event26,event24,3
event27,event24,7
event28,event24,8
event29,event24,7
event30,event24,8
event31,event24,8
event32,event24,29
event33,event24,23
event34,event24,19
event35,event24,17
event36,event24,22
event37,event24,15
event38,event24,16
event39,event24,20
event40,event24,20
event41,event24,45
event42,event24,45
event43,event24,45
event44,event24,54
event45,event24,34
event46,event24,42
event47,event24,39
event48,event24,56
event49,event24,49
event0,event25,41
event1,event25,31
event2,event25,18
event3,event25,43
event4,event25,35
event5,event25,31
event6,event25,34
event7,event25,50
event8,event25,51
event9,event25,51
event10,event25,48
event11,event25,15
event12,event25,36
event13,event25,17
event14,event25,36
event15,event25,19
event16,event25,19
event17,event25,23
event18,event25,23
event19,event25,26
event20,event25,29
event21,event25,34
event22,event25,17
event23,event25,3
event24,event25,3
event25,event25,0
event26,event25,5
event27,event25,10
event28,event25,5
event29,event25,7
event30,event25,9
event31,event25,8
event32,event25,31
event33,event25,26
event34,event25,21
event35,event25,20
event36,event25,25
event37,event25,15
event38,event25,14
event39,event25,20
event40,event25,20
event41,event25,45
event42,event25,43
event43,event25,43
event44,event25,54
event45,event25,32
event46,event25,40
event47,event25,37
event48,event25,53
event49,event25,47
event0,event26,46
event1,event26,37
event2,event26,18
event3,event26,48
event4,event26,40
event5,event26,36
event6,event26,39
event7,event26,55
event8,event26,55
event9,event26,55
event10,event26,52
event11,event26,20
event12,event26,39
event13,event26,20
event14,event26,38
event15,event26,23
event16,event26,22
event17,event26,20
event18,event26,22
event19,event26,26
event20,event26,29
event21,event26,33
event22,event26,13
event23,event26,5
event24,event26,3
event25,event26,5
event26,event26,0
event27,event26,6
event28,event26,11
event29,event26,4
event30,event26,5
event31,event26,7
event32,event26,28
event33,event26,23
event34,event26,19
event35,event26,17
event36,event26,21
event37,event26,18
event38,event26,19
event39,event26,23
event40,event26,23
event41,event26,49
event42,event26,48
event43,event26,48
event44,event26,58
event45,event26,37
event46,event26,46
event47,event26,42
event48,event26,59
event49,event26,53
event0,event27,48
event1,event27,40
event2,event27,24
event3,event27,51
event4,event27,45
event5,event27,41
event6,event27,44
event7,event27,60
event8,event27,61
event9,event27,61
event10,event27,58
event11,event27,25
event12,event27,45
event13,event27,26
event14,event27,45
event15,event27,29
event16,event27,28
event17,event27,26
event18,event27,28
event19,event27,32
event20,event27,35
event21,event27,39
event22,event27,7
event23,event27,7
event24,event27,7
event25,event27,10
event26,event27,6
event27,event27,0
event28,event27,15
event29,event27,10
event30,event27,10
event31,event27,13
event32,event27,22
event33,event27,17
event34,event27,12
event35,event27,10
event36,event27,15
event37,event27,14
event38,event27,19
event39,event27,19
event40,event27,21
event41,event27,46
event42,event27,48
event43,event27,48
event44,event27,56
event45,event27,36
event46,event27,46
event47,event27,44
event48,event27,61
event49,event27,55
event0,event28,35
event1,event28,25
event2,event28,20
event3,event28,37
event4,event28,31
event5,event28,26
event6,event28,29
event7,event28,46
event8,event28,47
event9,event28,47
event10,event28,45
event11,event28,11
event12,event28,34
event13,event28,14
event14,event28,35
event15,event28,17
event16,event28,18
event17,event28,26
event18,event28,26
event19,event28,28
event20,event28,31
event21,event28,36
event22,event28,22
event23,event28,8
event24,event28,8
event25,event28,5
event26,event28,11
event27,event28,15
event28,event28,0
event29,event28,12
event30,event28,14
event31,event28,12
event32,event28,35
event33,event28,30
event34,event28,25
event35,event28,25
event36,event28,30
event37,event28,15
event38,event28,11
event39,event28,19
event40,event28,17
event41,event28,42
event42,event28,39
event43,event28,38
event44,event28,50
event45,event28,28
event46,event28,35
event47,event28,31
event48,event28,47
event49,event28,41
event0,event29,48
event1,event29,36
event2,event29,14
event3,event29,49
event4,event29,38
event5,event29,35
event6,event29,38
event7,event29,53
event8,event29,53
event9,event29,53
event10,event29,49
event11,event29,18
event12,event29,36
event13,event29,18
event14,event29,34
event15,event29,20
event16,event29,18
event17,event29,16
event18,event29,17
event19,event29,22
event20,event29,24
event21,event29,29
event22,event29,17
event23,event29,9
event24,event29,7
event25,event29,7
event26,event29,4
event27,event29,10
event28,event29,12
event29,event29,0
event30,event29,2
event31,event29,3
event32,event29,32
event33,event29,27
event34,event29,23
event35,event29,20
event36,event29,25
event37,event29,22
event38,event29,22
event39,event29,27
event40,event29,27
event41,event29,52
event42,event29,51
event43,event29,51
event44,event29,61
event45,event29,40
event46,event29,48
event47,event29,43
event48,event29,60
event49,event29,53
event0,event30,50
event1,event30,38
event2,event30,15
event3,event30,51
event4,event30,40
event5,event30,37
event6,event30,40
event7,event30,55
event8,event30,55
event9,event30,55
event10,event30,50
event11,event30,20
event12,event30,37
event13,event30,20
event14,event30,36
event15,event30,22
event16,event30,20
event17,event30,15
event18,event30,18
event19,event30,22
event20,event30,25
event21,event30,29
event22,event30,16
event23,event30,10
event24,event30,8
event25,event30,9
event26,event30,5
event27,event30,10
event28,event30,14
event29,event30,2
event30,event30,0
event31,event30,5
event32,event30,31
event33,event30,26
event34,event30,22
event35,event30,19
event36,event30,23
event37,event30,23
event38,event30,24
event39,event30,28
event40,event30,28
event41,event30,53
event42,event30,53
event43,event30,53
event44,event30,63
event45,event30,42
event46,event30,50
event47,event30,46
event48,event30,62
event49,event30,55
event0,event31,46
event1,event31,34
event2,event31,11
event3,event31,48
event4,event31,35
event5,event31,32
event6,event31,35
event7,event31,50
event8,event31,50
event9,event31,50
event10,event31,46
event11,event31,15
event12,event31,32
event13,event31,15
event14,event31,31
event15,event31,17
event16,event31,15
event17,event31,15
event18,event31,15
event19,event31,19
event20,event31,22
event21,event31,26
event22,event31,20
event23,event31,10
event24,event31,8
event25,event31,8
event26,event31,7
event27,event31,13
event28,event31,12
event29,event31,3
event30,event31,5
event31,event31,0
event32,event31,35
event33,event31,30
event34,event31,26
event35,event31,23
event36,event31,28
event37,event31,23
event38,event31,22
event39,event31,28
event40,event31,28
event41,event31,53
event42,event31,51
event43,event31,50
event44,event31,61
event45,event31,40
event46,event31,47
event47,event31,42
event48,event31,58
event49,event31,51
event0,event32,63
event1,event32,60
event2,event32,46
event3,event32,66
event4,event32,66
event5,event32,61
event6,event32,64
event7,event32,82
event8,event32,82
event9,event32,83
event10,event32,80
event11,event32,47
event12,event32,67
event13,event32,48
event14,event32,67
event15,event32,51
event16,event32,51
event17,event32,45
event18,event32,48
event19,event32,53
event20,event32,55
event21,event32,59
event22,event32,15
event23,event32,28
event24,event32,29
event25,event32,31
event26,event32,28
event27,event32,22
event28,event32,35
event29,event32,32
event30,event32,31
event31,event32,35
event32,event32,0
event33,event32,5
event34,event32,10
event35,event32,11
event36,event32,7
event37,event32,25
event38,event32,35
event39,event32,26
event40,event32,31
event41,event32,48
event42,event32,57
event43,event32,59
event44,event32,58
event45,event32,45
event46,event32,58
event47,event32,60
event48,event32,77
event49,event32,71
event0,event33,58
event1,event33,55
event2,event33,41
event3,event33,62
event4,event33,61
event5,event33,56
event6,event33,59
event7,event33,76
event8,event33,77
event9,event33,78
event10,event33,75
event11,event33,41
event12,event33,62
event13,event33,43
event14,event33,62
event15,event33,46
event16,event33,45
event17,event33,40
event18,event33,43
event19,event33,48
event20,event33,50
event21,event33,54
event22,event33,10
event23,event33,23
event24,event33,23
event25,event33,26
event26,event33,23
event27,event33,17
event28,event33,30
event29,event33,27
event30,event33,26
event31,event33,30
event32,event33,5
event33,event33,0
event34,event33,5
event35,event33,6
event36,event33,4
event37,event33,20
event38,event33,30
event39,event33,22
event40,event33,27
event41,event33,46
event42,event33,54
event43,event33,55
event44,event33,56
event45,event33,42
event46,event33,55
event47,event33,55
event48,event33,72
event49,event33,66
event0,event34,54
event1,event34,50
event2,event34,37
event3,event34,57
event4,event34,56
event5,event34,51
event6,event34,54
event7,event34,72
event8,event34,72
event9,event34,73
event10,event34,70
event11,event34,37
event12,event34,58
event13,event34,38
event14,event34,58
event15,event34,41
event16,event34,41
event17,event34,37
event18,event34,40
event19,event34,45
event20,event34,47
event21,event34,51
event22,event34,6
event23,event34,18
event24,event34,19
event25,event34,21
event26,event34,19
event27,event34,12
event28,event34,25
event29,event34,23
event30,event34,22
event31,event34,26
event32,event34,10
event33,event34,5
event34,event34,0
event35,event34,4
event36,event34,6
event37,event34,16
event38,event34,25
event39,event34,18
event40,event34,22
event41,event34,43
event42,event34,50
event43,event34,51
event44,event34,53
event45,event34,38
event46,event34,50
event47,event34,50
event48,event34,68
event49,event34,62
event0,event35,55
event1,event35,50
event2,event35,34
event3,event35,58
event4,event35,55
event5,event35,51
event6,event35,54
event7,event35,71
event8,event35,71
event9,event35,72
event10,event35,68
event11,event35,35
event12,event35,56
event13,event35,37
event14,event35,55
event15,event35,39
event16,event35,39
event17,event35,34
event18,event35,37
event19,event35,42
event20,event35,44
event21,event35,48
event22,event35,3
event23,event35,17
event24,event35,17
event25,event35,20
event26,event35,17
event27,event35,10
event28,event35,25
event29,event35,20
event30,event35,19
event31,event35,23
event32,event35,11
event33,event35,6
event34,event35,4
event35,event35,0
event36,event35,5
event37,event35,18
event38,event35,26
event39,event35,21
event40,event35,25
event41,event35,47
event42,event35,52
event43,event35,53
event44,event35,57
event45,event35,40
event46,event35,52
event47,event35,52
event48,event35,69
event49,event35,63
event0,event36,60
event1,event36,55
event2,event36,38
event3,event36,63
event4,event36,60
event5,event36,56
event6,event36,59
event7,event36,76
event8,event36,76
event9,event36,77
event10,event36,73
event11,event36,40
event12,event36,60
event13,event36,42
event14,event36,60
event15,event36,44
event16,event36,43
event17,event36,37
event18,event36,41
event19,event36,46
event20,event36,48
event21,event36,51
event22,event36,8
event23,event36,22
event24,event36,22
event25,event36,25
event26,event36,21
event27,event36,15
event28,event36,30
event29,event36,25
event30,event36,23
event31,event36,28
event32,event36,7
event33,event36,4
event34,event36,6
event35,event36,5
event36,event36,0
event37,event36,22
event38,event36,31
event39,event36,25
event40,event36,29
event41,event36,50
event42,event36,56
event43,event36,57
event44,event36,60
event45,event36,44
event46,event36,56
event47,event36,56
event48,event36,74
event49,event36,68
event0,event37,37
event1,event37,35
event2,event37,34
event3,event37,41
event4,event37,44
event5,event37,38
event6,event37,41
event7,event37,59
event8,event37,60
event9,event37,61
event10,event37,59
event11,event37,26
event12,event37,49
event13,event37,30
event14,event37,51
event15,event37,33
event16,event37,34
event17,event37,38
event18,event37,39
event19,event37,42
event20,event37,45
event21,event37,50
event22,event37,16
event23,event37,13
event24,event37,15
event25,event37,15
event26,event37,18
event27,event37,14
event28,event37,15
event29,event37,22
event30,event37,23
event31,event37,23
event32,event37,25
event33,event37,20
event34,event37,16
event35,event37,18
event36,event37,22
event37,event37,0
event38,event37,10
event39,event37,5
event40,event37,7
event41,event37,31
event42,event37,34
event43,event37,35
event44,event37,41
event45,event37,22
event46,event37,34
event47,event37,34
event48,event37,51
event49,event37,46
event0,event38,29
event1,event38,25
event2,event38,31
event3,event38,31
event4,event38,35
event5,event38,28
event6,event38,31
event7,event38,50
event8,event38,51
event9,event38,52
event10,event38,51
event11,event38,19
event12,event38,42
event13,event38,24
event14,event38,44
event15,event38,26
event16,event38,28
event17,event38,37
event18,event38,37
event19,event38,39
event20,event38,42
event21,event38,47
event22,event38,24
event23,event38,14
event24,event38,16
event25,event38,14
event26,event38,19
event27,event38,19
event28,event38,11
event29,event38,22
event30,event38,24
event31,event38,22
event32,event38,35
event33,event38,30
event34,event38,25
event35,event38,26
event36,event38,31
event37,event38,10
event38,event38,0
event39,event38,11
event40,event38,7
event41,event38,31
event42,event38,29
event43,event38,29
event44,event38,39
event45,event38,18
event46,event38,26
event47,event38,25
event48,event38,42
event49,event38,36
event0,event39,36
event1,event39,36
event2,event39,38
event3,event39,40
event4,event39,47
event5,event39,40
event6,event39,42
event7,event39,61
event8,event39,63
event9,event39,64
event10,event39,62
event11,event39,30
event12,event39,53
event13,event39,34
event14,event39,55
event15,event39,37
event16,event39,38
event17,event39,43
event18,event39,44
event19,event39,47
event20,event39,50
event21,event39,55
event22,event39,20
event23,event39,18
event24,event39,20
event25,event39,20
event26,event39,23
event27,event39,19
event28,event39,19
event29,event39,27
event30,event39,28
event31,event39,28
event32,event39,26
event33,event39,22
event34,event39,18
event35,event39,21
event36,event39,25
event37,event39,5
event38,event39,11
event39,event39,0
event40,event39,5
event41,event39,26
event42,event39,31
event43,event39,32
event44,event39,36
event45,event39,19
event46,event39,32
event47,event39,34
event48,event39,50
event49,event39,45
event0,event40,31
event1,event40,31
event2,event40,37
event3,event40,35
event4,event40,43
event5,event40,35
event6,event40,38
event7,event40,57
event8,event40,58
event9,event40,59
event10,event40,58
event11,event40,27
event12,event40,49
event13,event40,31
event14,event40,52
event15,event40,34
event16,event40,36
event17,event40,43
event18,event40,43
event19,event40,46
event20,event40,49
event21,event40,53
event22,event40,24
event23,event40,18
event24,event40,20
event25,event40,20
event26,event40,23
event27,event40,21
event28,event40,17
event29,event40,27
event30,event40,28
event31,event40,28
event32,event40,31
event33,event40,27
event34,event40,22
event35,event40,25
event36,event40,29
event37,event40,7
event38,event40,7
event39,event40,5
event40,event40,0
event41,event40,25
event42,event40,27
event43,event40,28
event44,event40,34
event45,event40,15
event46,event40,27
event47,event40,29
event48,event40,45
event49,event40,40
event0,event41,31
event1,event41,43
event2,event41,62
event3,event41,36
event4,event41,58
event5,event41,50
event6,event41,51
event7,event41,69
event8,event41,71
event9,event41,73
event10,event41,74
event11,event41,49
event12,event41,69
event13,event41,53
event14,event41,73
event15,event41,56
event16,event41,58
event17,event41,68
event18,event41,68
event19,event41,70
event20,event41,73
event21,event41,78
event22,event41,47
event23,event41,43
event24,event41,45
event25,event41,45
event26,event41,49
event27,event41,46
event28,event41,42
event29,event41,52
event30,event41,53
event31,event41,53
event32,event41,48
event33,event41,46
event34,event41,43
event35,event41,47
event36,event41,50
event37,event41,31
event38,event41,31
event39,event41,26
event40,event41,25
event41,event41,0
event42,event41,16
event43,event41,19
event44,event41,10
event45,event41,15
event46,event41,23
event47,event41,32
event48,event41,43
event49,event41,40
event0,event42,16
event1,event42,31
event2,event42,57
event3,event42,20
event4,event42,46
event5,event42,38
event6,event42,39
event7,event42,55
event8,event42,58
event9,event42,60
event10,event42,62
event11,event42,42
event12,event42,59
event13,event42,47
event14,event42,64
event15,event42,49
event16,event42,52
event17,event42,65
event18,event42,63
event19,event42,64
event20,event42,67
event21,event42,72
event22,event42,51
event23,event42,43
event24,event42,45
event25,event42,43
event26,event42,48
event27,event42,48
event28,event42,39
event29,event42,51
event30,event42,53
event31,event42,51
event32,event42,57
event33,event42,54
event34,event42,50
event35,event42,52
event36,event42,56
event37,event42,34
event38,event42,29
event39,event42,31
event40,event42,27
event41,event42,16
event42,event42,0
event43,event42,3
event44,event42,16
event45,event42,12
event46,event42,8
event47,event42,18
event48,event42,26
event49,event42,24
event0,event43,12
event1,event43,28
event2,event43,56
event3,event43,16
event4,event43,43
event5,event43,35
event6,event43,36
event7,event43,52
event8,event43,55
event9,event43,56
event10,event43,59
event11,event43,40
event12,event43,56
event13,event43,45
event14,event43,62
event15,event43,47
event16,event43,50
event17,event43,64
event18,event43,62
event19,event43,63
event20,event43,66
event21,event43,71
event22,event43,52
event23,event43,43
event24,event43,45
event25,event43,43
event26,event43,48
event27,event43,48
event28,event43,38
event29,event43,51
event30,event43,53
event31,event43,50
event32,event43,59
event33,event43,55
event34,event43,51
event35,event43,53
event36,event43,57
event37,event43,35
event38,event43,29
event39,event43,32
event40,event43,28
event41,event43,19
event42,event43,3
event43,event43,0
event44,event43,20
event45,event43,13
event46,event43,5
event47,event43,15
event48,event43,23
event49,event43,20
event0,event44,32
event1,event44,47
event2,event44,70
event3,event44,36
event4,event44,62
event5,event44,54
event6,event44,55
event7,event44,72
event8,event44,74
event9,event44,76
event10,event44,78
event11,event44,56
event12,event44,74
event13,event44,61
event14,event44,79
event15,event44,63
event16,event44,66
event17,event44,76
event18,event44,76
event19,event44,78
event20,event44,81
event21,event44,86
event22,event44,57
event23,event44,52
event24,event44,54
event25,event44,54
event26,event44,58
event27,event44,56
event28,event44,50
event29,event44,61
event30,event44,63
event31,event44,61
event32,event44,58
event33,event44,56
event34,event44,53
event35,event44,57
event36,event44,60
event37,event44,41
event38,event44,39
event39,event44,36
event40,event44,34
event41,event44,10
event42,event44,16
event43,event44,20
event44,event44,0
event45,event44,22
event46,event44,25
event47,event44,34
event48,event44,41
event49,event44,40
event0,event45,20
event1,event45,29
event2,event45,48
event3,event45,24
event4,event45,43
event5,event45,35
event6,event45,37
event7,event45,55
event8,event45,57
event9,event45,58
event10,event45,59
event11,event45,34
event12,event45,53
event13,event45,39
event14,event45,58
event15,event45,41
event16,event45,44
event17,event45,55
event18,event45,54
event19,event45,56
event20,event45,59
event21,event45,64
event22,event45,39
event23,event45,32
event24,event45,34
event25,event45,32
event26,event45,37
event27,event45,36
event28,event45,28
event29,event45,40
event30,event45,42
event31,event45,40
event32,event45,45
event33,event45,42
event34,event45,38
event35,event45,40
event36,event45,44
event37,event45,22
event38,event45,18
event39,event45,19
event40,event45,15
event41,event45,15
event42,event45,12
event43,event45,13
event44,event45,22
event45,event45,0
event46,event45,14
event47,event45,19
event48,event45,34
event49,event45,29
event0,event46,7
event1,event46,23
event2,event46,52
event3,event46,12
event4,event46,38
event5,event46,30
event6,event46,31
event7,event46,47
event8,event46,49
event9,event46,51
event10,event46,53
event11,event46,36
event12,event46,51
event13,event46,41
event14,event46,57
event15,event46,42
event16,event46,46
event17,event46,60
event18,event46,58
event19,event46,58
event20,event46,61
event21,event46,66
event22,event46,51
event23,event46,41
event24,event46,42
event25,event46,40
event26,event46,46
event27,event46,46
event28,event46,35
event29,event46,48
event30,event46,50
event31,event46,47
event32,event46,58
event33,event46,55
event34,event46,50
event35,event46,52
event36,event46,56
event37,event46,34
event38,event46,26
event39,event46,32
event40,event46,27
event41,event46,23
event42,event46,8
event43,event46,5
event44,event46,25
event45,event46,14
event46,event46,0
event47,event46,9
event48,event46,20
event49,event46,16
event0,event47,4
event1,event47,14
event2,event47,45
event3,event47,6
event4,event47,28
event5,event47,21
event6,event47,21
event7,event47,37
event8,event47,39
event9,event47,41
event10,event47,44
event11,event47,29
event12,event47,42
event13,event47,34
event14,event47,48
event15,event47,35
event16,event47,38
event17,event47,54
event18,event47,51
event19,event47,51
event20,event47,54
event21,event47,59
event22,event47,50
event23,event47,38
event24,event47,39
event25,event47,37
event26,event47,42
event27,event47,44
event28,event47,31
event29,event47,43
event30,event47,46
event31,event47,42
event32,event47,60
event33,event47,55
event34,event47,50
event35,event47,52
event36,event47,56
event37,event47,34
event38,event47,25
event39,event47,34
event40,event47,29
event41,event47,32
event42,event47,18
event43,event47,15
event44,event47,34
event45,event47,19
event46,event47,9
event47,event47,0
event48,event47,17
event49,event47,11
event0,event48,14
event1,event48,25
event2,event48,59
event3,event48,10
event4,event48,35
event5,event48,30
event6,event48,29
event7,event48,37
event8,event48,40
event9,event48,42
event10,event48,47
event11,event48,43
event12,event48,50
event13,event48,47
event14,event48,56
event15,event48,48
event16,event48,51
event17,event48,68
event18,event48,65
event19,event48,64
event20,event48,66
event21,event48,71
event22,event48,67
event23,event48,55
event24,event48,56
event25,event48,53
event26,event48,59
event27,event48,61
event28,event48,47
event29,event48,60
event30,event48,62
event31,event48,58
event32,event48,77
event33,event48,72
event34,event48,68
event35,event48,69
event36,event48,74
event37,event48,51
event38,event48,42
event39,event48,50
event40,event48,45
event41,event48,43
event42,event48,26
event43,event48,23
event44,event48,41
event45,event48,34
event46,event48,20
event47,event48,17
event48,event48,0
event49,event48,6
event0,event49,9
event1,event49,18
event2,event49,53
event3,event49,5
event4,event49,30
event5,event49,24
event6,event49,23
event7,event49,34
event8,event49,37
event9,event49,39
event10,event49,43
event11,event49,37
event12,event49,44
event13,event49,41
event14,event49,51
event15,event49,41
event16,event49,45
event17,event49,62
event18,event49,59
event19,event49,58
event20,event49,60
event21,event49,65
event22,event49,61
event23,event49,48
event24,event49,49
event25,event49,47
event26,event49,53
event27,event49,55
event28,event49,41
event29,event49,53
event30,event49,55
event31,event49,51
event32,event49,71
event33,event49,66
event34,event49,62
event35,event49,63
event36,event49,68
event37,event49,46
event38,event49,36
event39,event49,45
event40,event49,40
event41,event49,40
event42,event49,24
event43,event49,20
event44,event49,40
event45,event49,29
event46,event49,16
event47,event49,11
event48,event49,6
event49,event49,0
home0,event0,12
home1,event0,15
home2,event0,3
home3,event0,26
home4,event0,39
home5,event0,42
home6,event0,42
home7,event0,45
home8,event0,31
home9,event0,34
home10,event0,38
home11,event0,57
home12,event0,41
home13,event0,58
home14,event0,63
home15,event0,63
home16,event0,65
home17,event0,53
home18,event0,43
home19,event0,47
home20,event0,64
home21,event0,64
home22,event0,65
home23,event0,37
home24,event0,32
home25,event0,27
home26,event0,44
home27,event0,33
home28,event0,40
home29,event0,34
home30,event0,50
home31,event0,46
home32,event0,48
home33,event0,15
home34,event0,43
home35,event0,24
home36,event0,45
home37,event0,48
home38,event0,39
home39,event0,18
home40,event0,12
home41,event0,11
home42,event0,6
home43,event0,20
home44,event0,19
home45,event0,16
home46,event0,26
home47,event0,19
home48,event0,14
home49,event0,19
home0,event1,14
home1,event1,5
home2,event1,20
home3,event1,9
home4,event1,22
home5,event1,26
home6,event1,26
home7,event1,28
home8,event1,15
home9,event1,19
home10,event1,20
home11,event1,39
home12,event1,24
home13,event1,42
home14,event1,47
home15,event1,47
home16,event1,48
home17,event1,46
home18,event1,32
home19,event1,45
home20,event1,60
home21,event1,60
home22,event1,60
home23,event1,35
home24,event1,31
home25,event1,26
home26,event1,40
home27,event1,30
home28,event1,35
home29,event1,30
home30,event1,63
home31,event1,60
home32,event1,61
home33,event1,3
home34,event1,56
home35,event1,36
home36,event1,57
home37,event1,58
home38,event1,52
home39,event1,34
home40,event1,26
home41,event1,20
home42,event1,18
home43,event1,32
home44,event1,7
home45,event1,28
home46,event1,32
home47,event1,26
home48,event1,19
home49,event1,23
home0,event2,48
home1,event2,40
home2,event2,53
home3,event2,25
home4,event2,33
home5,event2,38
home6,event2,33
home7,event2,33
home8,event2,19
home9,event2,15
home10,event2,24
home11,event2,17
home12,event2,13
home13,event2,8
home14,event2,13
home15,event2,14
home16,event2,16
home17,event2,27
home18,event2,15
home19,event2,38
home20,event2,44
home21,event2,43
home22,event2,41
home23,event2,36
home24,event2,34
home25,event2,34
home26,event2,32
home27,event2,31
home28,event2,28
home29,event2,29
home30,event2,79
home31,event2,79
home32,event2,76
home33,event2,37
home34,event2,74
home35,event2,56
home36,event2,72
home37,event2,71
home38,event2,69
home39,event2,60
home40,event2,51
home41,event2,45
home42,event2,47
home43,event2,66
home44,event2,30
home45,event2,63
home46,event2,46
home47,event2,61
home48,event2,54
home49,event2,58
home0,event3,7
home1,event3,13
home2,event3,4
home3,event3,26
home4,event3,36
home5,event3,39
home6,event3,40
home7,event3,43
home8,event3,31
home9,event3,34
home10,event3,36
home11,event3,56
home12,event3,40
home13,event3,58
home14,event3,63
home15,event3,63
home16,event3,65
home17,event3,56
home18,event3,44
home19,event3,50
home20,event3,67
home21,event3,68
home22,event3,68
home23,event3,40
home24,event3,35
home25,event3,31
home26,event3,47
home27,event3,36
home28,event3,43
home29,event3,37
home30,event3,54
home31,event3,50
home32,event3,52
home33,event3,13
home34,event3,47
home35,event3,28
home36,event3,49
home37,event3,52
home38,event3,44
home39,event3,22
home40,event3,17
home41,event3,15
home42,event3,10
home43,event3,17
home44,event3,20
home45,event3,13
home46,event3,30
home47,event3,15
home48,event3,10
home49,event3,15
home0,event4,24
home1,event4,17
home2,event4,34
home3,event4,11
home4,event4,7
home5,event4,12
home6,event4,11
home7,event4,13
home8,event4,14
home9,event4,18
home10,event4,7
home11,event4,28
home12,event4,17
home13,event4,36
home14,event4,41
home15,event4,39
home16,event4,41
home17,event4,50
home18,event4,35
home19,event4,53
home20,event4,66
home21,event4,65
home22,event4,65
home23,event4,45
home24,event4,41
home25,event4,37
home26,event4,47
home27,event4,39
home28,event4,42
home29,event4,38
home30,event4,78
home31,event4,75
home32,event4,75
home33,event4,17
home34,event4,71
home35,event4,50
home36,event4,71
home37,event4,72
home38,event4,66
home39,event4,49
home40,event4,40
home41,event4,35
home42,event4,33
home43,event4,41
home44,event4,18
home45,event4,38
home46,event4,45
home47,event4,35
home48,event4,28
home49,event4,30
home0,event5,19
home1,event5,10
home2,event5,27
home3,event5,6
home4,event5,15
home5,event5,20
home6,event5,19
home7,event5,21
home8,event5,11
home9,event5,15
home10,event5,13
home11,event5,32
home12,event5,18
home13,event5,37
home14,event5,43
home15,event5,42
home16,event5,43
home17,event5,46
home18,event5,31
home19,event5,47
home20,event5,61
home21,event5,61
home22,event5,61
home23,event5,39
home24,event5,34
home25,event5,30
home26,event5,41
home27,event5,33
home28,event5,36
home29,event5,32
home30,event5,69
home31,event5,67
home32,event5,67
home33,event5,10
home34,event5,63
home35,event5,42
home36,event5,63
home37,event5,64
home38,event5,58
home39,event5,41
home40,event5,32
home41,event5,27
home42,event5,25
home43,event5,37
home44,event5,10
home45,event5,34
home46,event5,37
home47,event5,31
home48,event5,24
home49,event5,27
home0,event6,18
home1,event6,10
home2,event6,27
home3,event6,9
home4,event6,14
home5,event6,18
home6,event6,18
home7,event6,20
home8,event6,13
home9,event6,18
home10,event6,13
home11,event6,34
home12,event6,20
home13,event6,39
home14,event6,45
home15,event6,43
home16,event6,45
home17,event6,49
home18,event6,34
home19,event6,50
home20,event6,64
home21,event6,64
home22,event6,64
home23,event6,41
home24,event6,37
home25,event6,32
home26,event6,44
home27,event6,36
home28,event6,39
home29,event6,35
home30,event6,71
home31,event6,68
home32,event6,69
home33,event6,10
home34,event6,64
home35,event6,44
home36,event6,65
home37,event6,66
home38,event6,60
home39,event6,42
home40,event6,34
home41,event6,28
home42,event6,26
home43,event6,35
home44,event6,13
home45,event6,32
home46,event6,39
home47,event6,29
home48,event6,22
home49,event6,25
home0,event7,28
home1,event7,25
home2,event7,40
home3,event7,26
home4,event7,10
home5,event7,7
home6,event7,12
home7,event7,14
home8,event7,29
home9,event7,33
home10,event7,19
home11,event7,36
home12,event7,30
home13,event7,48
home14,event7,53
home15,event7,50
home16,event7,51
home17,event7,65
home18,event7,50
home19,event7,68
home20,event7,81
home21,event7,81
home22,event7,80
home23,event7,60
home24,event7,55
home25,event7,51
home26,event7,62
home27,event7,54
home28,event7,57
home29,event7,53
home30,event7,89
home31,event7,86
home32,event7,86
home33,event7,28
home34,event7,82
home35,event7,61
home36,event7,82
home37,event7,84
home38,event7,78
home39,event7,58
home40,event7,50
home41,event7,46
home42,event7,43
home43,event7,42
home44,event7,31
home45,event7,40
home46,event7,58
home47,event7,35
home48,event7,30
home49,event7,30
home0,event8,31
home1,event8,27
home2,event8,43
home3,event8,27
home4,event8,10
home5,event8,5
home6,event8,10
home7,event8,12
home8,event8,30
home9,event8,33
home10,event8,19
home11,event8,34
home12,event8,30
home13,event8,47
home14,event8,52
home15,event8,49
home16,event8,50
home17,event8,65
home18,event8,50
home19,event8,70
home20,event8,82
home21,event8,81
home22,event8,81
home23,event8,61
home24,event8,57
home25,event8,53
home26,event8,63
home27,event8,55
home28,event8,58
home29,event8,55
home30,event8,91
home31,event8,88
home32,event8,89
home33,event8,30
home34,event8,84
home35,event8,64
home36,event8,85
home37,event8,87
home38,event8,80
home39,event8,60
home40,event8,53
home41,event8,48
home42,event8,45
home43,event8,45
home44,event8,33
home45,event8,43
home46,event8,60
home47,event8,38
home48,event8,33
home49,event8,33
home0,event9,33
home1,event9,29
home2,event9,44
home3,event9,28
home4,event9,10
home5,event9,5
home6,event9,10
home7,event9,11
home8,event9,30
home9,event9,33
home10,event9,19
home11,event9,34
home12,event9,30
home13,event9,46
home14,event9,52
home15,event9,48
home16,event9,49
home17,event9,66
home18,event9,50
home19,event9,70
home20,event9,82
home21,event9,82
home22,event9,81
home23,event9,62
home24,event9,58
home25,event9,54
home26,event9,64
home27,event9,56
home28,event9,59
home29,event9,55
home30,event9,93
home31,event9,90
home32,event9,90
home33,event9,32
home34,event9,86
home35,event9,65
home36,event9,86
home37,event9,88
home38,event9,82
home39,event9,62
home40,event9,54
home41,event9,50
home42,event9,47
home43,event9,47
home44,event9,34
home45,event9,45
home46,event9,61
home47,event9,40
home48,event9,35
home49,event9,35
home0,event10,37
home1,event10,31
home2,event10,48
home3,event10,27
home4,event10,8
home5,event10,5
home6,event10,5
home7,event10,5
home8,event10,28
home9,event10,30
home10,event10,15
home11,event10,27
home12,event10,25
home13,event10,40
home14,event10,46
home15,event10,42
home16,event10,42
home17,event10,62
home18,event10,47
home19,event10,68
home20,event10,79
home21,event10,78
home22,event10,77
home23,event10,61
home24,event10,57
home25,event10,53
home26,event10,62
home27,event10,55
home28,event10,56
home29,event10,54
home30,event10,94
home31,event10,91
home32,event10,91
home33,event10,33
home34,event10,87
home35,event10,66
home36,event10,87
home37,event10,89
home38,event10,83
home39,event10,65
home40,event10,56
home41,event10,51
home42,event10,49
home43,event10,52
home44,event10,34
home45,event10,50
home46,event10,61
home47,event10,45
home48,event10,40
home49,event10,40
home0,event11,33
home1,event11,25
home2,event11,37
home3,event11,10
home4,event11,26
home5,event11,31
home6,event11,27
home7,event11,29
home8,event11,6
home9,event11,2
home10,event11,17
home11,event11,26
home12,event11,11
home13,event11,24
home14,event11,29
home15,event11,29
home16,event11,31
home17,event11,30
home18,event11,15
home19,event11,34
home20,event11,46
home21,event11,45
home22,event11,45
home23,event11,28
home24,event11,25
home25,event11,22
home26,event11,28
home27,event11,22
home28,event11,23
home29,event11,21
home30,event11,68
home31,event11,66
home32,event11,65
home33,event11,21
home34,event11,61
home35,event11,42
home36,event11,60
home37,event11,60
home38,event11,57
home39,event11,45
home40,event11,36
home41,event11,30
home42,event11,31
home43,event11,50
home44,event11,14
home45,event11,47
home46,event11,33
home47,event11,46
home48,event11,39
home49,event11,43
home0,event12,39
home1,event12,31
home2,event12,48
home3,event12,20
home4,event12,12
home5,event12,15
home6,event12,9
home7,event12,9
home8,event12,18
home9,event12,19
home10,event12,8
home11,event12,14
home12,event12,12
home13,event12,26
home14,event12,32
home15,event12,28
home16,event12,29
home17,event12,49
home18,event12,34
home19,event12,57
home20,event12,66
home21,event12,65
home22,event12,64
home23,event12,50
home24,event12,47
home25,event12,44
home26,event12,50
home27,event12,45
home28,event12,45
home29,event12,43
home30,event12,88
home31,event12,86
home32,event12,85
home33,event12,31
home34,event12,82
home35,event12,61
home36,event12,81
home37,event12,81
home38,event12,77
home39,event12,61
home40,event12,53
home41,event12,47
home42,event12,46
home43,event12,56
home44,event12,29
home45,event12,53
home46,event12,54
home47,event12,49
home48,event12,43
home49,event12,45
home0,event13,36
home1,event13,28
home2,event13,41
home3,event13,13
home4,event13,25
home5,event13,30
home6,event13,25
home7,event13,26
home8,event13,7
home9,event13,3
home10,event13,16
home11,event13,21
home12,event13,7
home13,event13,19
home14,event13,25
home15,event13,25
home16,event13,26
home17,event13,30
home18,event13,15
home19,event13,37
home20,event13,47
home21,event13,46
home22,event13,46
home23,event13,32
home24,event13,29
home25,event13,26
home26,event13,31
home27,event13,26
home28,event13,26
home29,event13,25
home30,event13,72
home31,event13,71
home32,event13,69
home33,event13,25
home34,event13,66
home35,event13,47
home36,event13,65
home37,event13,65
home38,event13,61
home39,event13,50
home40,event13,41
home41,event13,35
home42,event13,36
home43,event13,54
home44,event13,18
home45,event13,51
home46,event13,38
home47,event13,49
home48,event13,42
home49,event13,46
home0,event14,45
home1,event14,37
home2,event14,54
home3,event14,26
home4,event14,19
home5,event14,21
home6,event14,16
home7,event14,14
home8,event14,22
home9,event14,22
home10,event14,14
home11,event14,8
home12,event14,13
home13,event14,22
home14,event14,27
home15,event14,22
home16,event14,23
home17,event14,48
home18,event14,34
home19,event14,58
home20,event14,65
home21,event14,64
home22,event14,63
home23,event14,52
home24,event14,49
home25,event14,47
home26,event14,51
home27,event14,47
home28,event14,46
home29,event14,45
home30,event14,92
home31,event14,91
home32,event14,89
home33,event14,37
home34,event14,86
home35,event14,66
home36,event14,85
home37,event14,85
home38,event14,81
home39,event14,67
home40,event14,58
home41,event14,52
home42,event14,52
home43,event14,63
home44,event14,34
home45,event14,60
home46,event14,58
home47,event14,56
home48,event14,50
home49,event14,52
home0,event15,37
home1,event15,28
home2,event15,42
home3,event15,13
home4,event15,23
home5,event15,28
home6,event15,23
home7,event15,24
home8,event15,8
home9,event15,5
home10,event15,14
home11,event15,19
home12,event15,4
home13,event15,19
home14,event15,24
home15,event15,24
home16,event15,25
home17,event15,33
home18,event15,18
home19,event15,40
home20,event15,49
home21,event15,49
home22,event15,48
home23,event15,34
home24,event15,31
home25,event15,29
home26,event15,34
home27,event15,29
home28,event15,29
home29,event15,27
home30,event15,75
home31,event15,73
home32,event15,72
home33,event15,25
home34,event15,69
home35,event15,49
home36,event15,67
home37,event15,67
home38,event15,64
home39,event15,52
home40,event15,43
home41,event15,37
home42,event15,37
home43,event15,55
home44,event15,19
home45,event15,51
home46,event15,40
home47,event15,49
home48,event15,42
home49,event15,45
home0,event16,40
home1,event16,32
home2,event16,46
home3,event16,17
home4,event16,25
home5,event16,30
home6,event16,25
home7,event16,25
home8,event16,11
home9,event16,8
home10,event16,16
home11,event16,16
home12,event16,5
home13,event16,15
home14,event16,21
home15,event16,20
home16,event16,22
home17,event16,32
home18,event16,18
home19,event16,41
home20,event16,49
home21,event16,48
home22,event16,47
home23,event16,36
home24,event16,33
home25,event16,31
home26,event16,34
home27,event16,30
home28,event16,29
home29,event16,29
home30,event16,77
home31,event16,76
home32,event16,74
home33,event16,29
home34,event16,71
home35,event16,52
home36,event16,69
home37,event16,69
home38,event16,66
home39,event16,55
home40,event16,46
home41,event16,40
home42,event16,41
home43,event16,58
home44,event16,23
home45,event16,55
home46,event16,43
home47,event16,53
home48,event16,46
home49,event16,49
home0,event17,58
home1,event17,49
home2,event17,62
home3,event17,34
home4,event17,41
home5,event17,46
home6,event17,40
home7,event17,40
home8,event17,29
home9,event17,24
home10,event17,33
home11,event17,20
home12,event17,22
home13,event17,5
home14,event17,5
home15,event17,9
home16,event17,11
home17,event17,26
home18,event17,20
home19,event17,40
home20,event17,42
home21,event17,41
home22,event17,39
home23,event17,40
home24,event17,40
home25,event17,40
home26,event17,35
home27,event17,37
home28,event17,32
home29,event17,35
home30,event17,85
home31,event17,85
home32,event17,82
home33,event17,46
home34,event17,80
home35,event17,62
home36,event17,77
home37,event17,75
home38,event17,75
home39,event17,68
home40,event17,59
home41,event17,53
home42,event17,55
home43,event17,75
home44,event17,39
home45,event17,72
home46,event17,52
home47,event17,70
home48,event17,63
home49,event17,67
home0,event18,54
home1,event18,46
home2,event18,59
home3,event18,31
home4,event18,37
home5,event18,41
home6,event18,35
home7,event18,35
home8,event18,25
home9,event18,21
home10,event18,28
home11,event18,16
home12,event18,18
home13,event18,2
home14,event18,7
home15,event18,8
home16,event18,10
home17,event18,29
home18,event18,20
home19,event18,42
home20,event18,46
home21,event18,44
home22,event18,43
home23,event18,41
home24,event18,40
home25,event18,40
home26,event18,37
home27,event18,37
home28,event18,33
home29,event18,35
home30,event18,85
home31,event18,85
home32,event18,82
home33,event18,43
home34,event18,80
home35,event18,62
home36,event18,77
home37,event18,76
home38,event18,75
home39,event18,66
home40,event18,57
home41,event18,52
home42,event18,53
home43,event18,72
home44,event18,36
home45,event18,69
home46,event18,52
home47,event18,67
home48,event18,60
home49,event18,63
home0,event19,53
home1,event19,44
home2,event19,59
home3,event19,30
home4,event19,33
home5,event19,37
home6,event19,31
home7,event19,30
home8,event19,24
home9,event19,21
home10,event19,25
home11,event19,10
home12,event19,15
home13,event19,5
home14,event19,10
home15,event19,7
home16,event19,9
home17,event19,34
home18,event19,24
home19,event19,47
home20,event19,51
home21,event19,50
home22,event19,48
home23,event19,44
home24,event19,43
home25,event19,42
home26,event19,41
home27,event19,40
home28,event19,37
home29,event19,38
home30,event19,88
home31,event19,87
home32,event19,85
home33,event19,42
home34,event19,82
home35,event19,64
home36,event19,80
home37,event19,79
home38,event19,77
home39,event19,67
home40,event19,58
home41,event19,52
home42,event19,54
home43,event19,71
home44,event19,36
home45,event19,67
home46,event19,54
home47,event19,65
home48,event19,58
home49,event19,61
home0,event20,55
home1,event20,47
home2,event20,61
home3,event20,32
home4,event20,34
home5,event20,38
home6,event20,32
home7,event20,31
home8,event20,27
home9,event20,24
home10,event20,27
home11,event20,10
home12,event20,18
home13,event20,5
home14,event20,10
home15,event20,5
home16,event20,7
home17,event20,36
home18,event20,26
home19,event20,49
home20,event20,53
home21,event20,51
home22,event20,50
home23,event20,47
home24,event20,46
home25,event20,45
home26,event20,43
home27,event20,43
home28,event20,39
home29,event20,41
home30,event20,91
home31,event20,90
home32,event20,88
home33,event20,44
home34,event20,85
home35,event20,67
home36,event20,83
home37,event20,82
home38,event20,80
home39,event20,70
home40,event20,61
home41,event20,55
home42,event20,57
home43,event20,73
home44,event20,39
home45,event20,70
home46,event20,57
home47,event20,68
home48,event20,61
home49,event20,64
home0,event21,60
home1,event21,51
home2,event21,66
home3,event21,37
home4,event21,37
home5,event21,40
home6,event21,34
home7,event21,33
home8,event21,31
home9,event21,28
home10,event21,30
home11,event21,10
home12,event21,22
home13,event21,9
home14,event21,11
home15,event21,5
home16,event21,5
home17,event21,40
home18,event21,31
home19,event21,54
home20,event21,56
home21,event21,55
home22,event21,53
home23,event21,52
home24,event21,50
home25,event21,50
home26,event21,48
home27,event21,48
home28,event21,44
home29,event21,46
home30,event21,96
home31,event21,95
home32,event21,93
home33,event21,49
home34,event21,90
home35,event21,72
home36,event21,88
home37,event21,87
home38,event21,85
home39,event21,75
home40,event21,66
home41,event21,60
home42,event21,61
home43,event21,78
home44,event21,43
home45,event21,74
home46,event21,62
home47,event21,72
home48,event21,65
home49,event21,68
home0,event22,59
home1,event22,52
home2,event22,57
home3,event22,42
home4,event22,58
home5,event22,64
home6,event22,59
home7,event22,60
home8,event22,38
home9,event22,34
home10,event22,50
home11,event22,48
home12,event22,40
home13,event22,35
home14,event22,35
home15,event22,40
home16,event22,42
home17,event22,4
home18,event22,18
home19,event22,12
home20,event22,13
home21,event22,13
home22,event22,13
home23,event22,18
home24,event22,22
home25,event22,26
home26,event22,10
home27,event22,20
home28,event22,13
home29,event22,19
home30,event22,60
home31,event22,61
home32,event22,57
home33,event22,47
home34,event22,56
home35,event22,45
home36,event22,52
home37,event22,49
home38,event22,51
home39,event22,53
home40,event22,47
home41,event22,44
home42,event22,48
home43,event22,73
home44,event22,40
home45,event22,70
home46,event22,34
home47,event22,71
home48,event22,64
home49,event22,69
home0,event23,46
home1,event23,39
home2,event23,45
home3,event23,28
home4,event23,44
home5,event23,50
home6,event23,46
home7,event23,47
home8,event23,24
home9,event23,21
home10,event23,36
home11,event23,38
home12,event23,27
home13,event23,28
home14,event23,30
home15,event23,33
home16,event23,35
home17,event23,12
home18,event23,5
home19,event23,17
home20,event23,27
home21,event23,27
home22,event23,27
home23,event23,15
home24,event23,15
home25,event23,17
home26,event23,11
home27,event23,12
home28,event23,7
home29,event23,10
home30,event23,60
home31,event23,60
home32,event23,57
home33,event23,34
home34,event23,55
home35,event23,39
home36,event23,52
home37,event23,50
home38,event23,50
home39,event23,46
home40,event23,38
home41,event23,33
home42,event23,37
home43,event23,61
home44,event23,26
home45,event23,58
home46,event23,28
home47,event23,58
home48,event23,52
home49,event23,56
home0,event24,47
home1,event24,39
home2,event24,47
home3,event24,28
home4,event24,44
home5,event24,49
home6,event24,45
home7,event24,46
home8,event24,24
home9,event24,20
home10,event24,35
home11,event24,37
home12,event24,26
home13,event24,26
home14,event24,28
home15,event24,32
home16,event24,33
home17,event24,12
home18,event24,4
home19,event24,19
home20,event24,27
home21,event24,27
home22,event24,27
home23,event24,17
home24,event24,17
home25,event24,18
home26,event24,13
home27,event24,14
home28,event24,9
home29,event24,12
home30,event24,62
home31,event24,62
home32,event24,59
home33,event24,35
home34,event24,57
home35,event24,41
home36,event24,54
home37,event24,52
home38,event24,52
home39,event24,47
home40,event24,40
home41,event24,35
home42,event24,38
home43,event24,62
home44,event24,27
home45,event24,59
home46,event24,30
home47,event24,59
home48,event24,52
home49,event24,57
home0,event25,44
home1,event25,37
home2,event25,44
home3,event25,25
home4,event25,41
home5,event25,46
home6,event25,42
home7,event25,43
home8,event25,21
home9,event25,17
home10,event25,32
home11,event25,35
home12,event25,23
home13,event25,25
home14,event25,28
home15,event25,31
home16,event25,33
home17,event25,15
home18,event25,3
home19,event25,21
home20,event25,30
home21,event25,30
home22,event25,30
home23,event25,17
home24,event25,17
home25,event25,17
home26,event25,14
home27,event25,14
home28,event25,10
home29,event25,12
home30,event25,62
home31,event25,62
home32,event25,59
home33,event25,32
home34,event25,57
home35,event25,40
home36,event25,54
home37,event25,52
home38,event25,52
home39,event25,46
home40,event25,38
home41,event25,33
home42,event25,36
home43,event25,60
home44,event25,24
home45,event25,56
home46,event25,29
home47,event25,56
home48,event25,50
home49,event25,54
home0,event26,50
home1,event26,42
home2,event26,50
home3,event26,30
home4,event26,45
home5,event26,50
home6,event26,46
home7,event26,47
home8,event26,26
home9,event26,22
home10,event26,36
home11,event26,36
home12,event26,26
home13,event26,24
home14,event26,25
home15,event26,29
home16,event26,31
home17,event26,10
home18,event26,5
home19,event26,20
home20,event26,26
home21,event26,26
home22,event26,25
home23,event26,20
home24,event26,20
home25,event26,22
home26,event26,14
home27,event26,17
home28,event26,12
home29,event26,15
home30,event26,65
home31,event26,65
home32,event26,62
home33,event26,38
home34,event26,60
home35,event26,44
home36,event26,57
home37,event26,55
home38,event26,55
home39,event26,51
home40,event26,43
home41,event26,39
home42,event26,42
home43,event26,66
home44,event26,30
home45,event26,62
home46,event26,33
home47,event26,62
home48,event26,55
home49,event26,60
home0,event27,53
home1,event27,46
home2,event27,52
home3,event27,35
home4,event27,51
home5,event27,56
home6,event27,52
home7,event27,53
home8,event27,31
home9,event27,27
home10,event27,42
home11,event27,42
home12,event27,33
home13,event27,30
home14,event27,30
home15,event27,35
home16,event27,37
home17,event27,5
home18,event27,10
home19,event27,14
home20,event27,20
home21,event27,20
home22,event27,20
home23,event27,16
home24,event27,18
home25,event27,21
home26,event27,10
home27,event27,16
home28,event27,9
home29,event27,14
home30,event27,61
home31,event27,61
home32,event27,58
home33,event27,41
home34,event27,56
home35,event27,42
home36,event27,53
home37,event27,51
home38,event27,51
home39,event27,50
home40,event27,43
home41,event27,39
home42,event27,43
home43,event27,68
home44,event27,33
home45,event27,64
home46,event27,31
home47,event27,65
home48,event27,58
home49,event27,63
home0,event28,38
home1,event28,31
home2,event28,38
home3,event28,20
home4,event28,37
home5,event28,43
home6,event28,39
home7,event28,40
home8,event28,17
home9,event28,14
home10,event28,29
home11,event28,35
home12,event28,21
home13,event28,28
home14,event28,31
home15,event28,34
home16,event28,36
home17,event28,20
home18,event28,7
home19,event28,23
home20,event28,35
home21,event28,35
home22,event28,35
home23,event28,17
home24,event28,14
home25,event28,14
home26,event28,17
home27,event28,12
home28,event28,11
home29,event28,10
home30,event28,59
home31,event28,59
home32,event28,56
home33,event28,26
home34,event28,54
home35,event28,36
home36,event28,51
home37,event28,51
home38,event28,49
home39,event28,41
home40,event28,33
home41,event28,28
home42,event28,31
home43,event28,54
home44,event28,18
home45,event28,51
home46,event28,26
home47,event28,51
home48,event28,44
home49,event28,48
home0,event29,50
home1,event29,42
home2,event29,51
home3,event29,29
home4,event29,43
home5,event29,48
home6,event29,43
home7,event29,44
home8,event29,24
home9,event29,20
home10,event29,34
home11,event29,31
home12,event29,23
home13,event29,19
home14,event29,21
home15,event29,25
home16,event29,27
home17,event29,13
home18,event29,5
home19,event29,25
home20,event29,30
home21,event29,29
home22,event29,28
home23,event29,24
home24,event29,24
home25,event29,25
home26,event29,19
home27,event29,21
home28,event29,16
home29,event29,19
home30,event29,69
home31,event29,69
home32,event29,66
home33,event29,38
home34,event29,64
home35,event29,47
home36,event29,61
home37,event29,59
home38,event29,59
home39,event29,54
home40,event29,46
home41,event29,41
home42,event29,44
home43,event29,67
home44,event29,30
home45,event29,63
home46,event29,36
home47,event29,62
home48,event29,56
home49,event29,60
home0,event30,52
home1,event30,44
home2,event30,53
home3,event30,31
home4,event30,45
home5,event30,50
home6,event30,45
home7,event30,46
home8,event30,26
home9,event30,22
home10,event30,36
home11,event30,32
home12,event30,25
home13,event30,19
home14,event30,20
home15,event30,25
home16,event30,26
home17,event30,12
home18,event30,7
home19,event30,25
home20,event30,29
home21,event30,28
home22,event30,26
home23,event30,25
home24,event30,25
home25,event30,26
home26,event30,19
home27,event30,22
home28,event30,17
home29,event30,20
home30,event30,70
home31,event30,70
home32,event30,67
home33,event30,40
home34,event30,65
home35,event30,49
home36,event30,62
home37,event30,60
home38,event30,60
home39,event30,55
home40,event30,48
home41,event30,43
home42,event30,46
home43,event30,69
home44,event30,32
home45,event30,65
home46,event30,38
home47,event30,65
home48,event30,58
home49,event30,62
home0,event31,48
home1,event31,40
home2,event31,50
home3,event31,26
home4,event31,40
home5,event31,45
home6,event31,40
home7,event31,41
home8,event31,21
home9,event31,17
home10,event31,31
home11,event31,29
home12,event31,20
home13,event31,17
home14,event31,20
home15,event31,23
home16,event31,25
home17,event31,16
home18,event31,5
home19,event31,27
home20,event31,33
home21,event31,32
home22,event31,31
home23,event31,25
home24,event31,25
home25,event31,25
home26,event31,21
home27,event31,22
home28,event31,17
home29,event31,20
home30,event31,70
home31,event31,70
home32,event31,67
home33,event31,36
home34,event31,65
home35,event31,48
home36,event31,62
home37,event31,60
home38,event31,60
home39,event31,53
home40,event31,45
home41,event31,40
home42,event31,43
home43,event31,65
home44,event31,28
home45,event31,61
home46,event31,37
home47,event31,61
home48,event31,54
home49,event31,58
home0,event32,70
home1,event32,65
home2,event32,66
home3,event32,55
home4,event32,73
home5,event32,78
home6,event32,74
home7,event32,75
home8,event32,52
home9,event32,49
home10,event32,64
home11,event32,64
home12,event32,55
home13,event32,50
home14,event32,49
home15,event32,54
home16,event32,56
home17,event32,19
home18,event32,33
home19,event32,15
home20,event32,4
home21,event32,6
home22,event32,9
home23,event32,25
home24,event32,30
home25,event32,35
home26,event32,20
home27,event32,30
home28,event32,25
home29,event32,30
home30,event32,56
home31,event32,59
home32,event32,54
home33,event32,60
home34,event32,54
home35,event32,48
home36,event32,49
home37,event32,45
home38,event32,50
home39,event32,58
home40,event32,54
home41,event32,52
home42,event32,57
home43,event32,83
home44,event32,53
home45,event32,79
home46,event32,39
home47,event32,81
home48,event32,75
home49,event32,80
home0,event33,65
home1,event33,60
home2,event33,62
home3,event33,50
home4,event33,68
home5,event33,73
home6,event33,69
home7,event33,70
home8,event33,47
home9,event33,44
home10,event33,59
home11,event33,58
home12,event33,50
home13,event33,45
home14,event33,44
home15,event33,50
home16,event33,51
home17,event33,14
home18,event33,27
home19,event33,11
home20,event33,5
home21,event33,6
home22,event33,8
home23,event33,21
home24,event33,26
home25,event33,31
home26,event33,15
home27,event33,25
home28,event33,20
home29,event33,25
home30,event33,56
home31,event33,58
home32,event33,53
home33,event33,55
home34,event33,54
home35,event33,46
home36,event33,49
home37,event33,45
home38,event33,49
home39,event33,55
home40,event33,51
home41,event33,48
home42,event33,53
home43,event33,79
home44,event33,48
home45,event33,75
home46,event33,36
home47,event33,77
home48,event33,71
home49,event33,76
home0,event34,60
home1,event34,55
home2,event34,57
home3,event34,45
home4,event34,63
home5,event34,68
home6,event34,64
home7,event34,65
home8,event34,42
home9,event34,39
home10,event34,54
home11,event34,55
home12,event34,45
home13,event34,42
home14,event34,42
home15,event34,47
home16,event34,48
home17,event34,11
home18,event34,23
home19,event34,7
home20,event34,10
home21,event34,10
home22,event34,12
home23,event34,17
home24,event34,21
home25,event34,26
home26,event34,10
home27,event34,20
home28,event34,15
home29,event34,20
home30,event34,55
home31,event34,56
home32,event34,52
home33,event34,50
home34,event34,52
home35,event34,42
home36,event34,47
home37,event34,44
home38,event34,47
home39,event34,51
home40,event34,46
home41,event34,43
home42,event34,48
home43,event34,74
home44,event34,43
home45,event34,70
home46,event34,32
home47,event34,72
home48,event34,66
home49,event34,71
home0,event35,61
home1,event35,55
home2,event35,59
home3,event35,45
home4,event35,62
home5,event35,67
home6,event35,63
home7,event35,64
home8,event35,41
home9,event35,38
home10,event35,53
home11,event35,52
home12,event35,43
home13,event35,39
home14,event35,38
home15,event35,43
home16,event35,45
home17,event35,7
home18,event35,21
home19,event35,11
home20,event35,10
home21,event35,10
home22,event35,10
home23,event35,19
home24,event35,23
home25,event35,27
home26,event35,11
home27,event35,21
home28,event35,15
home29,event35,21
home30,event35,58
home31,event35,60
home32,event35,56
home33,event35,50
home34,event35,55
home35,event35,45
home36,event35,51
home37,event35,48
home38,event35,51
home39,event35,54
home40,event35,48
home41,event35,45
home42,event35,50
home43,event35,75
home44,event35,43
home45,event35,72
home46,event35,34
home47,event35,73
home48,event35,67
home49,event35,72
home0,event36,66
home1,event36,60
home2,event36,63
home3,event36,50
home4,event36,66
home5,event36,72
home6,event36,68
home7,event36,68
home8,event36,46
home9,event36,43
home10,event36,58
home11,event36,56
home12,event36,48
home13,event36,42
home14,event36,41
home15,event36,46
home16,event36,48
home17,event36,11
home18,event36,26
home19,event36,14
home20,event36,5
home21,event36,5
home22,event36,5
home23,event36,23
home24,event36,27
home25,event36,32
home26,event36,16
home27,event36,26
home28,event36,20
home29,event36,25
home30,event36,60
home31,event36,62
home32,event36,57
home33,event36,55
home34,event36,57
home35,event36,48
home36,event36,52
home37,event36,49
home38,event36,53
home39,event36,58
home40,event36,53
home41,event36,50
home42,event36,54
home43,event36,80
home44,event36,48
home45,event36,76
home46,event36,38
home47,event36,78
home48,event36,72
home49,event36,76
home0,event37,45
home1,event37,40
home2,event37,41
home3,event37,33
home4,event37,51
home5,event37,57
home6,event37,54
home7,event37,55
home8,event37,31
home9,event37,29
home10,event37,44
home11,event37,50
home12,event37,37
home13,event37,41
home14,event37,43
home15,event37,47
home16,event37,49
home17,event37,18
home18,event37,18
home19,event37,10
home20,event37,26
home21,event37,26
home22,event37,28
home23,event37,2
home24,event37,5
home25,event37,10
home26,event37,6
home27,event37,5
home28,event37,6
home29,event37,5
home30,event37,47
home31,event37,47
home32,event37,44
home33,event37,35
home34,event37,42
home35,event37,28
home36,event37,39
home37,event37,37
home38,event37,37
home39,event37,36
home40,event37,30
home41,event37,27
home42,event37,32
home43,event37,58
home44,event37,28
home45,event37,54
home46,event37,17
home47,event37,56
home48,event37,50
home49,event37,55
home0,event38,35
home1,event38,30
home2,event38,32
home3,event38,23
home4,event38,43
home5,event38,48
home6,event38,45
home7,event38,47
home8,event38,23
home9,event38,22
home10,event38,36
home11,event38,45
home12,event38,30
home13,event38,39
home14,event38,42
home15,event38,45
home16,event38,47
home17,event38,25
home18,event38,17
home19,event38,20
home20,event38,35
home21,event38,36
home22,event38,37
home23,event38,10
home24,event38,5
home25,event38,3
home26,event38,15
home27,event38,5
home28,event38,11
home29,event38,5
home30,event38,49
home31,event38,48
home32,event38,46
home33,event38,25
home34,event38,43
home35,event38,25
home36,event38,41
home37,event38,40
home38,event38,38
home39,event38,31
home40,event38,24
home41,event38,19
home42,event38,23
home43,event38,49
home44,event38,18
home45,event38,45
home46,event38,15
home47,event38,46
home48,event38,40
home49,event38,45
home0,event39,45
home1,event39,40
home2,event39,40
home3,event39,35
home4,event39,54
home5,event39,59
home6,event39,57
home7,event39,58
home8,event39,34
home9,event39,33
home10,event39,47
home11,event39,55
home12,event39,41
home13,event39,46
home14,event39,48
home15,event39,51
home16,event39,53
home17,event39,23
home18,event39,23
home19,event39,11
home20,event39,28
home21,event39,29
home22,event39,30
home23,event39,3
home24,event39,5
home25,event39,10
home26,event39,10
home27,event39,7
home28,event39,11
home29,event39,9
home30,event39,42
home31,event39,42
home32,event39,39
home33,event39,35
home34,event39,37
home35,event39,24
home36,event39,34
home37,event39,32
home38,event39,32
home39,event39,33
home40,event39,28
home41,event39,25
home42,event39,30
home43,event39,56
home44,event39,30
home45,event39,53
home46,event39,13
home47,event39,55
home48,event39,50
home49,event39,55
home0,event40,40
home1,event40,35
home2,event40,35
home3,event40,31
home4,event40,50
home5,event40,55
home6,event40,53
home7,event40,55
home8,event40,31
home9,event40,30
home10,event40,43
home11,event40,52
home12,event40,38
home13,event40,45
home14,event40,48
home15,event40,51
home16,event40,53
home17,event40,25
home18,event40,23
home19,event40,15
home20,event40,32
home21,event40,33
home22,event40,34
home23,event40,5
home24,event40,3
home25,event40,5
home26,event40,13
home27,event40,6
home28,event40,12
home29,event40,8
home30,event40,42
home31,event40,42
home32,event40,39
home33,event40,31
home34,event40,37
home35,event40,21
home36,event40,34
home37,event40,33
home38,event40,32
home39,event40,29
home40,event40,23
home41,event40,21
home42,event40,25
home43,event40,51
home44,event40,25
home45,event40,48
home46,event40,10
home47,event40,50
home48,event40,45
home49,event40,50
home0,event41,43
home1,event41,44
home2,event41,33
home3,event41,48
home4,event41,66
home5,event41,70
home6,event41,69
home7,event41,72
home8,event41,50
home9,event41,51
home10,event41,61
home11,event41,75
home12,event41,59
home13,event41,70
home14,event41,73
home15,event41,76
home16,event41,78
home17,event41,50
home18,event41,48
home19,event41,36
home20,event41,51
home21,event41,53
home22,event41,55
home23,event41,29
home24,event41,28
home25,event41,28
home26,event41,37
home27,event41,31
home28,event41,37
home29,event41,33
home30,event41,19
home31,event41,17
home32,event41,17
home33,event41,41
home34,event41,13
home35,event41,7
home36,event41,13
home37,event41,16
home38,event41,8
home39,event41,15
home40,event41,19
home41,event41,23
home42,event41,26
home43,event41,46
home44,event41,40
home45,event41,43
home46,event41,16
home47,event41,48
home48,event41,46
home49,event41,50
home0,event42,28
home1,event42,30
home2,event42,17
home3,event42,38
home4,event42,53
home5,event42,57
home6,event42,57
home7,event42,60
home8,event42,42
home9,event42,44
home10,event42,51
home11,event42,68
home12,event42,52
home13,event42,65
home14,event42,69
home15,event42,71
home16,event42,73
home17,event42,53
home18,event42,46
home19,event42,42
home20,event42,59
home21,event42,60
home22,event42,62
home23,event42,33
home24,event42,29
home25,event42,26
home26,event42,41
home27,event42,32
home28,event42,39
home29,event42,33
home30,event42,33
home31,event42,30
home32,event42,32
home33,event42,28
home34,event42,26
home35,event42,10
home36,event42,29
home37,event42,32
home38,event42,23
home39,event42,3
home40,event42,6
home41,event42,12
home42,event42,13
home43,event42,30
home44,event42,30
home45,event42,27
home46,event42,18
home47,event42,32
home48,event42,30
home49,event42,34
home0,event43,24
home1,event43,27
home2,event43,13
home3,event43,36
home4,event43,50
home5,event43,54
home6,event43,54
home7,event43,57
home8,event43,40
home9,event43,42
home10,event43,48
home11,event43,66
home12,event43,50
home13,event43,64
home14,event43,68
home15,event43,70
home16,event43,72
home17,event43,53
home18,event43,46
home19,event43,43
home20,event43,60
home21,event43,61
home22,event43,63
home23,event43,34
home24,event43,30
home25,event43,26
home26,event43,42
home27,event43,32
home28,event43,39
home29,event43,33
home30,event43,37
home31,event43,33
home32,event43,35
home33,event43,25
home34,event43,30
home35,event43,13
home36,event43,32
home37,event43,36
home38,event43,27
home39,event43,5
home40,event43,5
home41,event43,10
home42,event43,10
home43,event43,27
home44,event43,28
home45,event43,24
home46,event43,19
home47,event43,28
home48,event43,26
home49,event43,30
home0,event44,44
home1,event44,47
home2,event44,33
home3,event44,53
home4,event44,70
home5,event44,74
home6,event44,73
home7,event44,76
home8,event44,56
home9,event44,58
home10,event44,67
home11,event44,82
home12,event44,66
home13,event44,78
home14,event44,81
home15,event44,84
home16,event44,86
home17,event44,59
home18,event44,57
home19,event44,46
home20,event44,61
home21,event44,63
home22,event44,65
home23,event44,39
home24,event44,37
home25,event44,36
home26,event44,46
home27,event44,40
home28,event44,46
home29,event44,42
home30,event44,18
home31,event44,14
home32,event44,17
home33,event44,45
home34,event44,11
home35,event44,14
home36,event44,16
home37,event44,21
home38,event44,11
home39,event44,14
home40,event44,21
home41,event44,27
home42,event44,29
home43,event44,43
home44,event44,45
home45,event44,41
home46,event44,24
home47,event44,46
home48,event44,46
home49,event44,49
home0,event45,31
home1,event45,30
home2,event45,23
home3,event45,33
home4,event45,51
home5,event45,55
home6,event45,54
home7,event45,56
home8,event45,35
home9,event45,36
home10,event45,46
home11,event45,60
home12,event45,44
home13,event45,56
home14,event45,60
home15,event45,62
home16,event45,64
home17,event45,41
home18,event45,35
home19,event45,30
home20,event45,47
home21,event45,48
home22,event45,50
home23,event45,21
home24,event45,17
home25,event45,15
home26,event45,29
home27,event45,20
home28,event45,27
home29,event45,21
home30,event45,34
home31,event45,32
home32,event45,32
home33,event45,26
home34,event45,28
home35,event45,8
home36,event45,28
home37,event45,29
home38,event45,23
home39,event45,14
home40,event45,9
home41,event45,9
home42,event45,14
home43,event45,39
home44,event45,25
home45,event45,36
home46,event45,6
home47,event45,39
home48,event45,35
home49,event45,40
home0,event46,19
home1,event46,22
home2,event46,9
home3,event46,31
home4,event46,45
home5,event46,49
home6,event46,49
home7,event46,52
home8,event46,35
home9,event46,37
home10,event46,43
home11,event46,61
home12,event46,45
home13,event46,60
home14,event46,65
home15,event46,66
home16,event46,68
home17,event46,51
home18,event46,43
home19,event46,43
home20,event46,60
home21,event46,61
home22,event46,62
home23,event46,33
home24,event46,29
home25,event46,25
home26,event46,40
home27,event46,30
home28,event46,37
home29,event46,32
home30,event46,42
home31,event46,39
home32,event46,40
home33,event46,20
home34,event46,35
home35,event46,16
home36,event46,37
home37,event46,40
home38,event46,32
home39,event46,11
home40,event46,5
home41,event46,7
home42,event46,5
home43,event46,25
home44,event46,23
home45,event46,22
home46,event46,20
home47,event46,25
home48,event46,22
home49,event46,26
home0,event47,11
home1,event47,12
home2,event47,7
home3,event47,22
home4,event47,35
home5,event47,39
home6,event47,39
home7,event47,42
home8,event47,27
home9,event47,30
home10,event47,34
home11,event47,52
home12,event47,37
home13,event47,53
home14,event47,58
home15,event47,59
home16,event47,60
home17,event47,50
home18,event47,38
home19,event47,44
home20,event47,61
home21,event47,61
home22,event47,62
home23,event47,34
home24,event47,29
home25,event47,24
home26,event47,40
home27,event47,30
home28,event47,36
home29,event47,31
home30,event47,51
home31,event47,48
home32,event47,49
home33,event47,11
home34,event47,44
home35,event47,24
home36,event47,46
home37,event47,48
home38,event47,41
home39,event47,21
home40,event47,13
home41,event47,9
home42,event47,5
home43,event47,23
home44,event47,15
home45,event47,20
home46,event47,24
home47,event47,21
home48,event47,16
home49,event47,21
home0,event48,11
home1,event48,19
home2,event48,11
home3,event48,34
home4,event48,40
home5,event48,42
home6,event48,44
home7,event48,47
home8,event48,40
home9,event48,44
home10,event48,42
home11,event48,63
home12,event48,48
home13,event48,67
home14,event48,72
home15,event48,72
home16,event48,73
home17,event48,67
home18,event48,55
home19,event48,61
home20,event48,78
home21,event48,78
home22,event48,79
home23,event48,51
home24,event48,46
home25,event48,41
home26,event48,57
home27,event48,47
home28,event48,53
home29,event48,48
home30,event48,59
home31,event48,55
home32,event48,58
home33,event48,22
home34,event48,53
home35,event48,36
home36,event48,55
home37,event48,59
home38,event48,50
home39,event48,28
home40,event48,25
home41,event48,25
home42,event48,20
home43,event48,7
home44,event48,29
home45,event48,3
home46,event48,40
home47,event48,5
home48,event48,7
home49,event48,8
home0,event49,6
home1,event49,13
home2,event49,7
home3,event49,28
home4,event49,36
home5,event49,38
home6,event49,40
home7,event49,43
home8,event49,33
home9,event49,37
home10,event49,37
home11,event49,57
home12,event49,42
home13,event49,61
home14,event49,66
home15,event49,66
home16,event49,67
home17,event49,60
home18,event49,48
home19,event49,55
home20,event49,72
home21,event49,72
home22,event49,73
home23,event49,45
home24,event49,40
home25,event49,35
home26,event49,51
home27,event49,41
home28,event49,47
home29,event49,42
home30,event49,58
home31,event49,54
home32,event49,56
home33,event49,16
home34,event49,51
home35,event49,33
home36,event49,53
home37,event49,56
home38,event49,48
home39,event49,26
home40,event49,21
home41,event49,20
home42,event49,15
home43,event49,13
home44,event49,23
home45,event49,9
home46,event49,35
home47,event49,10
home48,event49,5
home49,event49,10
depot0,event0,25
depot0,event1,15
depot0,event2,25
depot0,event3,26
depot0,event4,23
depot0,event5,16
depot0,event6,19
depot0,event7,38
depot0,event8,39
depot0,event9,40
depot0,event10,39
depot0,event11,10
depot0,event12,30
depot0,event13,15
depot0,event14,34
depot0,event15,17
depot0,event16,20
depot0,event17,33
depot0,event18,31
depot0,event19,32
depot0,event20,35
depot0,event21,40
depot0,event22,32
depot0,event23,18
depot0,event24,19
depot0,event25,16
depot0,event26,22
depot0,event27,25
depot0,event28,10
depot0,event29,22
depot0,event30,25
depot0,event31,21
depot0,event32,45
depot0,event33,40
depot0,event34,35
depot0,event35,35
depot0,event36,40
depot0,event37,21
depot0,event38,12
depot0,event39,23
depot0,event40,19
depot0,event41,39
depot0,event42,32
depot0,event43,31
depot0,event44,46
depot0,event45,24
depot0,event46,26
depot0,event47,21
depot0,event48,37
depot0,event49,30
event0,depot1,25
event1,depot1,15
event2,depot1,25
event3,depot1,26
event4,depot1,23
event5,depot1,16
event6,depot1,19
event7,depot1,38
event8,depot1,39
event9,depot1,40
event10,depot1,39
event11,depot1,10
event12,depot1,30
event13,depot1,15
event14,depot1,34
event15,depot1,17
event16,depot1,20
event17,depot1,33
event18,depot1,31
event19,depot1,32
event20,depot1,35
event21,depot1,40
event22,depot1,32
event23,depot1,18
event24,depot1,19
event25,depot1,16
event26,depot1,22
event27,depot1,25
event28,depot1,10
event29,depot1,22
event30,depot1,25
event31,depot1,21
event32,depot1,45
event33,depot1,40
event34,depot1,35
event35,depot1,35
event36,depot1,40
event37,depot1,21
event38,depot1,12
event39,depot1,23
event40,depot1,19
event41,depot1,39
event42,depot1,32
event43,depot1,31
event44,depot1,46
event45,depot1,24
event46,depot1,26
event47,depot1,21
event48,depot1,37
event49,depot1,30
home0,depot0,27
home1,depot0,20
home2,depot0,29
home3,depot0,11
home4,depot0,30
home5,depot0,36
home6,depot0,33
home7,depot0,35
home8,depot0,11
home9,depot0,12
home10,depot0,24
home11,depot0,36
home12,depot0,20
home13,depot0,33
home14,depot0,38
home15,depot0,39
home16,depot0,41
home17,depot0,31
home18,depot0,18
home19,depot0,31
home20,depot0,45
home21,depot0,45
home22,depot0,45
home23,depot0,22
home24,depot0,18
home25,depot0,14
home26,depot0,25
home27,depot0,16
home28,depot0,20
home29,depot0,15
home30,depot0,58
home31,depot0,57
home32,depot0,55
home33,depot0,15
home34,depot0,52
home35,depot0,32
home36,depot0,51
home37,depot0,51
home38,depot0,47
home39,depot0,35
home40,depot0,26
home41,depot0,20
home42,depot0,22
home43,depot0,44
home44,depot0,8
home45,depot0,40
home46,depot0,24
home47,depot0,40
home48,depot0,33
home49,depot0,38
depot1,home0,27
depot1,home1,20
depot1,home2,29
depot1,home3,11
depot1,home4,30
depot1,home5,36
depot1,home6,33
depot1,home7,35
depot1,home8,11
depot1,home9,12
depot1,home10,24
depot1,home11,36
depot1,home12,20
depot1,home13,33
depot1,home14,38
depot1,home15,39
depot1,home16,41
depot1,home17,31
depot1,home18,18
depot1,home19,31
depot1,home20,45
depot1,home21,45
depot1,home22,45
depot1,home23,22
depot1,home24,18
depot1,home25,14
depot1,home26,25
depot1,home27,16
depot1,home28,20
depot1,home29,15
depot1,home30,58
depot1,home31,57
depot1,home32,55
depot1,home33,15
depot1,home34,52
depot1,home35,32
depot1,home36,51
depot1,home37,51
depot1,home38,47
depot1,home39,35
depot1,home40,26
depot1,home41,20
depot1,home42,22
depot1,home43,44
depot1,home44,8
depot1,home45,40
depot1,home46,24
depot1,home47,40
depot1,home48,33
depot1,home49,38
